{
  "project_info": {
    "project_number": "583751787199",
    "firebase_url": "https://edvote-50551-default-rtdb.firebaseio.com",
    "project_id": "edvote-50551",
    "storage_bucket": "edvote-50551.appspot.com"
  },
  "client": [
    {
      "client_info": {
        "mobilesdk_app_id": "1:583751787199:android:7fb0e1e510b91661475c0a",
        "android_client_info": {
          "package_name": "com.example.edvote"
        }
      },
      "oauth_client": [
        {
          "client_id": "583751787199-7t87reuvlh9rfk0q2e5nmr215b5396ee.apps.googleusercontent.com",
          "client_type": 3
        }
      ],
      "api_key": [
        {
          "current_key": "AIzaSyBfJDr0oZCo8syKcL9I8KAUMiYILEw-94U"
        }
      ],
      "services": {
        "appinvite_service": {
          "other_platform_oauth_client": [
            {
              "client_id": "583751787199-7t87reuvlh9rfk0q2e5nmr215b5396ee.apps.googleusercontent.com",
              "client_type": 3
            }
          ]
        }
      }
    },
    {
      "client_info": {
        "mobilesdk_app_id": "1:583751787199:android:993a52558bc162f8475c0a",
        "android_client_info": {
          "package_name": "com.example.edvotemobile"
        }
      },
      "oauth_client": [
        {
          "client_id": "583751787199-7t87reuvlh9rfk0q2e5nmr215b5396ee.apps.googleusercontent.com",
          "client_type": 3
        }
      ],
      "api_key": [
        {
          "current_key": "AIzaSyBfJDr0oZCo8syKcL9I8KAUMiYILEw-94U"
        }
      ],
      "services": {
        "appinvite_service": {
          "other_platform_oauth_client": [
            {
              "client_id": "583751787199-7t87reuvlh9rfk0q2e5nmr215b5396ee.apps.googleusercontent.com",
              "client_type": 3
            }
          ]
        }
      }
    }
  ],
  "configuration_version": "1"
}